Date,SubNiche,SubNicheRank,Title,Author,ASIN,OverallBestSellersRank,Shortlisted(<20000),TopicKeywords,ProductURL,Notes
2026-01-17,Abuse,5,,,,,N,,,Sub-niche link not found
2026-01-17,Affirmations,5,,,,,N,,,Sub-niche link not found
2026-01-17,Aging,5,,,,,N,,,Sub-niche link not found
2026-01-17,Anger Management,5,,,,,N,,,Sub-niche link not found
2026-01-17,Anxieties & Phobias,5,,,,,N,,,Sub-niche link not found
2026-01-17,Communication & Social Skills,5,,,,,N,,,Sub-niche link not found
2026-01-17,Compulsive Behavior,5,,,,,N,,,Sub-niche link not found
2026-01-17,Creativity,5,,,,,N,,,Sub-niche link not found
2026-01-17,Eating Disorders & Body Image,5,,,,,N,,,Sub-niche link not found
2026-01-17,Emotions,5,,,,,N,,,Sub-niche link not found
2026-01-17,Fashion & Style,5,,,,,N,,,Sub-niche link not found
2026-01-17,Green Lifestyle,5,,,,,N,,,Sub-niche link not found
2026-01-17,Happiness,5,,,,,N,,,Sub-niche link not found
2026-01-17,Indigenous Mental Health & Healing,5,,,,,N,,,Sub-niche link not found
2026-01-17,Inner Child,5,,,,,N,,,Sub-niche link not found
2026-01-17,Journal Writing,5,,,,,N,,,Sub-niche link not found
2026-01-17,Journaling,5,,,,,N,,,Sub-niche link not found
2026-01-17,Memory Improvement,5,,,,,N,,,Sub-niche link not found
2026-01-17,Motivational,5,,,,,N,,,Sub-niche link not found
2026-01-17,Neuro-Linguistic Programming (NLP),5,,,,,N,,,Sub-niche link not found
2026-01-17,Personal Transformation,5,,,,,N,,,Sub-niche link not found
2026-01-17,Self-Esteem,5,,,,,N,,,Sub-niche link not found
2026-01-17,Self-Hypnosis,5,,,,,N,,,Sub-niche link not found
2026-01-17,Self-Management,5,,,,,N,,,Sub-niche link not found
2026-01-17,Sexual Instruction,5,,,,,N,,,Sub-niche link not found
2026-01-17,Spiritual,5,,,,,N,,,Sub-niche link not found
2026-01-17,Stress Management,5,,,,,N,,,Sub-niche link not found
2026-01-17,Success,5,,,,,N,,,Sub-niche link not found
2026-01-17,Time Management,5,,,,,N,,,Sub-niche link not found
